episode_id,dataset,raw_n,kept_n,dropped_n,kept_ratio
137,danmaku,126236,126163,73,0.9994217180519028
137,comment_all,12898,12866,32,0.9975189951930532
