episode_id,dataset,raw_n,kept_n,dropped_n,kept_ratio
156,danmaku,360848,360796,52,0.9998558950028821
156,comment_all,77593,77466,127,0.9983632544172799
