episode_id,dataset,raw_n,kept_n,dropped_n,kept_ratio
86,danmaku,137013,136881,132,0.9990365877690438
86,comment_all,8842,8828,14,0.9984166478172359
