episode_id,model_emo,cnt,total,ratio
86,neg,478,3410,0.14017595307917888
86,neu,1621,3410,0.475366568914956
86,pos,1311,3410,0.3844574780058651
