episode_id,model_emo,cnt,total,ratio
86,neg,514,2664,0.19294294294294295
86,neu,1608,2664,0.6036036036036037
86,pos,542,2664,0.20345345345345345
