episode_id,model_emo,cnt,total,ratio
137,neg,1214,4668,0.26006855184233074
137,neu,2852,4668,0.610968294772922
137,pos,602,4668,0.1289631533847472
