episode_id,model_emo,cnt,total,ratio
156,neg,4900,27195,0.18018018018018017
156,neu,12752,27195,0.4689097260525832
156,pos,9543,27195,0.35091009376723664
