episode_id,model_emo,cnt,total,ratio
156,neg,3049,16647,0.18315612422658736
156,neu,10821,16647,0.6500270318976392
156,pos,2777,16647,0.16681684387577342
