episode_id,model_emo,cnt,total,ratio
137,neg,820,3805,0.21550591327201052
137,neu,1929,3805,0.5069645203679369
137,pos,1056,3805,0.27752956636005255
