episode_id,model_emo,cnt,total,ratio
137,neg,9411,122142,0.07704966350641057
137,neu,26451,122142,0.21655941445203125
137,pos,86280,122142,0.7063909220415582
