episode_id,model_emo,cnt,total,ratio
86,neg,5781,122108,0.047343335407999475
86,neu,99377,122108,0.8138451207128116
86,pos,16950,122108,0.13881154387918893
