episode_id,model_emo,cnt,total,ratio
156,neg,11626,257886,0.045081935428832896
156,neu,204731,257886,0.793881792730121
156,pos,41529,257886,0.16103627184104605
