{
  "danmu_total": 126163,
  "minute_avg_density": 6007.761904761905,
  "mode_dist": {
    "1": 0.9761657538263991,
    "5": 0.01881692730832336,
    "4": 0.005017318865277459
  },
  "fontsize_dist": {
    "25": 0.9995878347851589,
    "18": 0.00041216521484111824
  },
  "color_top10": {
    "16777215.0": 0.9801674117758965,
    "15138834.0": 0.005929167063001364,
    "16707842.0": 0.004597482482006404,
    "16646914.0": 0.00231459462887219,
    "16776960.0": 0.0010304702114841942,
    "14811775.0": 0.0008560829449253306,
    "38979.0": 0.0007688893116458987,
    "41194.0": 0.0006737689844319732,
    "52480.0": 0.0005945020450870351,
    "16765698.0": 0.0005073084118076033
  }
}