{
  "danmu_total": 360796,
  "minute_avg_density": 15686.782608695652,
  "mode_dist": {
    "1": 0.9905403607578798,
    "5": 0.006976241421745252,
    "4": 0.0024833978203749486
  },
  "fontsize_dist": {
    "25": 0.9998032128959301,
    "18": 0.0001967871040698899
  },
  "color_top10": {
    "16777215.0": 0.9919954101105066,
    "15138834.0": 0.0022422829711219454,
    "16646914.0": 0.001150244045754768,
    "16707842.0": 0.0009950303913878595,
    "14811775.0": 0.0005765078590770885,
    "38979.0": 0.000454554273503089,
    "41194.0": 0.0003464590499261349,
    "16776960.0": 0.0003409157051273168,
    "52480.0": 0.00027162389514208976,
    "6830715.0": 0.0002549938607456353
  }
}