{
  "mode_dist": {
    "1": 0.9766293349697913,
    "5": 0.017847619465082808,
    "4": 0.005523045565125912
  },
  "fontsize_dist": {
    "25": 0.9993351889597534,
    "18": 0.0006648110402466376
  },
  "color_top10": {
    "16777215.0": 0.9804719462302747,
    "15138834.0": 0.006662770309760374,
    "16707842.0": 0.0032583284628872004,
    "16646914.0": 0.002257451782583285,
    "14811775.0": 0.0010958503798947983,
    "16776960.0": 0.0010885447106954997,
    "38979.0": 0.0008620689655172414,
    "41194.0": 0.000723261250730567,
    "52480.0": 0.0006063705435417885,
    "6830715.0": 0.0005113968439509059
  }
}