dataset,total,model_used,ratio
danmaku,360796,257886,0.7147695650727836
comment_root,54324,27195,0.5006074663132317
comment_reply,23142,16647,0.7193414570910034
