dataset,total,model_used,ratio
danmaku,136881,122108,0.8920741373894112
comment_root,5294,3410,0.6441254250094447
comment_reply,3534,2664,0.7538200339558574
