dataset,total,model_used,ratio
danmaku,126163,122142,0.9681285321369973
comment_root,6539,3805,0.5818932558495182
comment_reply,6327,4668,0.7377904220009484
